<?xml version="1.0" encoding="UTF-8"?>

<channel name="xfce4-panel" version="1.0">
  <property name="configver" type="int" value="2"/>
  <property name="panels" type="array">
    <value type="int" value="1"/>
    <property name="panel-1" type="empty">
      <property name="position" type="string" value="p=8;x=960;y=1064"/>
      <property name="length" type="uint" value="100"/>
      <property name="position-locked" type="bool" value="true"/>
      <property name="size" type="uint" value="30"/>
      <property name="plugin-ids" type="array">
        <value type="int" value="7"/>
        <value type="int" value="3"/>
        <value type="int" value="15"/>
        <value type="int" value="4"/>
        <value type="int" value="6"/>
        <value type="int" value="8"/>
        <value type="int" value="5"/>
        <value type="int" value="2"/>
      </property>
      <property name="background-alpha" type="uint" value="76"/>
      <property name="enter-opacity" type="uint" value="95"/>
      <property name="leave-opacity" type="uint" value="95"/>
    </property>
  </property>
  <property name="plugins" type="empty">
    <property name="plugin-2" type="string" value="actions">
      <property name="items" type="array">
        <value type="string" value="+restart"/>
        <value type="string" value="+logout"/>
        <value type="string" value="+suspend"/>
        <value type="string" value="+shutdown"/>
        <value type="string" value="-lock-screen"/>
        <value type="string" value="-switch-user"/>
        <value type="string" value="-separator"/>
        <value type="string" value="-hibernate"/>
        <value type="string" value="-separator"/>
        <value type="string" value="-separator"/>
        <value type="string" value="-logout-dialog"/>
      </property>
    </property>
    <property name="plugin-3" type="string" value="tasklist"/>
    <property name="plugin-15" type="string" value="separator">
      <property name="expand" type="bool" value="true"/>
      <property name="style" type="uint" value="0"/>
    </property>
    <property name="plugin-4" type="string" value="pager">
      <property name="rows" type="uint" value="2"/>
      <property name="miniature-view" type="bool" value="true"/>
    </property>
    <property name="plugin-5" type="string" value="clock"/>
    <property name="plugin-6" type="string" value="systray">
      <property name="names-visible" type="array">
        <value type="string" value="evolution-alarm-notify"/>
        <value type="string" value="discord"/>
        <value type="string" value="pragha music player"/>
        <value type="string" value="simplescreenrecorder"/>
        <value type="string" value="pamac-tray"/>
        <value type="string" value="vlc"/>
        <value type="string" value="blueberry-tray.py"/>
        <value type="string" value="xfce4-power-manager"/>
        <value type="string" value="task manager"/>
        <value type="string" value="insync.py"/>
        <value type="string" value="telegramdesktop"/>
        <value type="string" value="variety"/>
        <value type="string" value="flameshot"/>
        <value type="string" value="bluetooth"/>
        <value type="string" value="clipman"/>
        <value type="string" value="redshift-gtk"/>
        <value type="string" value="scp-dbus-service.py"/>
        <value type="string" value="networkmanager applet"/>
        <value type="string" value="thunar"/>
        <value type="string" value="gpick"/>
        <value type="string" value="clipit"/>
        <value type="string" value="dropbox"/>
      </property>
      <property name="show-frame" type="bool" value="false"/>
      <property name="names-ordered" type="array">
        <value type="string" value="zoom"/>
        <value type="string" value="simplescreenrecorder"/>
        <value type="string" value="task manager"/>
        <value type="string" value="vlc"/>
        <value type="string" value="xfce terminal"/>
        <value type="string" value="thunar"/>
        <value type="string" value="dropbox"/>
        <value type="string" value="discord"/>
        <value type="string" value="insync"/>
        <value type="string" value="variety"/>
        <value type="string" value="telegramdesktop"/>
        <value type="string" value="blueberry-tray.py"/>
        <value type="string" value="flameshot"/>
        <value type="string" value="pamac-tray"/>
        <value type="string" value="networkmanager applet"/>
        <value type="string" value="clipman"/>
      </property>
      <property name="known-legacy-items" type="array">
        <value type="string" value="clipman"/>
        <value type="string" value="pamac-tray"/>
        <value type="string" value="networkmanager applet"/>
      </property>
      <property name="known-items" type="array">
        <value type="string" value="variety"/>
      </property>
    </property>
    <property name="plugin-7" type="string" value="whiskermenu"/>
    <property name="clipman" type="empty">
      <property name="tweaks" type="empty">
        <property name="never-confirm-history-clear" type="bool" value="true"/>
      </property>
    </property>
    <property name="plugin-8" type="string" value="pulseaudio">
      <property name="enable-keyboard-shortcuts" type="bool" value="true"/>
      <property name="mpris-players" type="string" value="pragha;spotify"/>
    </property>
  </property>
</channel>
